{"sections":{"main":{"type":"main-blog-post","blocks":{"newsletter":{"type":"newsletter","settings":{"title":"Únete a nuestros correos semanales","content":"<p>Recibe notificaciones de nuevos productos, promociones y contenido que te ayudarán cada semana.<\/p>","subtext":"Suscripción 100% gratuita","background":"#ffffff","text":"#161616"}},"social-media":{"type":"social_media","settings":{"title":"Siguenos en redes:","show_rss":true}}},"block_order":["newsletter","social-media"],"settings":{"show_category":true,"show_author":true,"show_date":true,"show_share_buttons":true,"show_tags":true,"show_gravatar":true}},"gk-rec-262":{"type":"apps","settings":{"include_margins":true}}},"order":["main","gk-rec-262"]}