{"sections":{"main":{"type":"main-cart","settings":{}},"recently-viewed-products":{"type":"recently-viewed-products","settings":{}},"gk-rec-262":{"type":"apps","blocks":{"gk_block__CART_PAGE__ALSO_BOUGHT__GkSwiper__5836":{"type":"shopify:\/\/apps\/zook-product-recommendations\/blocks\/AlsoBought-block\/2bcaca92-f66f-46e0-b83a-8b6f351fdebc","settings":{"margin_top":10,"margin_bottom":10}},"gk_block__CART_PAGE__RECOMMENDED_FOR_YOU__GkSwiper__5835":{"type":"shopify:\/\/apps\/zook-product-recommendations\/blocks\/RecommendedForYou-block\/2bcaca92-f66f-46e0-b83a-8b6f351fdebc","settings":{"margin_top":10,"margin_bottom":10}}},"block_order":["gk_block__CART_PAGE__ALSO_BOUGHT__GkSwiper__5836","gk_block__CART_PAGE__RECOMMENDED_FOR_YOU__GkSwiper__5835"],"settings":{}}},"order":["main","recently-viewed-products","gk-rec-262"]}