{"sections":{"main":{"type":"main-collection","custom_css":[".product-label--on-sale {background: #08a56d;}"],"settings":{"show_collection_image":false,"collapse_collection_description":false,"collection_image_size":"small","products_per_row":"4","default_products_per_page":24,"default_view_layout":"grid","show_quick_buy":"list_grid","show_quick_view":"list","quick_links":"","quick_links_show_products_count":true,"show_filters":true,"show_filter_color_swatch":true,"open_group_filters_mode":"all_closed"}},"recently-viewed-products":{"type":"recently-viewed-products","settings":{"title":"Visto Recientemene","show_quick_buy":true}},"gk-rec-262":{"type":"apps","settings":{"include_margins":true}}},"order":["main","recently-viewed-products","gk-rec-262"]}