{"sections":{"slideshow":{"type":"slideshow","blocks":{"slide-1":{"type":"image","disabled":true,"settings":{"image":"shopify:\/\/shop_images\/por-2_ee68ffb5-6e99-40d9-8390-b0fc54a02245.jpg","mobile_image":"shopify:\/\/shop_images\/madre-4.jpg","show_overlay":true,"overlay_opacity":7,"text_color":"#ffffff","title":"","content":"","content_position":"middle_center","button_background":"#08a56d","button_text_color":"#ffffff","button_text":"","link":"shopify:\/\/collections\/dia-de-la-madre-2023"}},"c1f6e51f-9cd0-4d62-b475-cc784536b1af":{"type":"image","disabled":true,"settings":{"image":"shopify:\/\/shop_images\/port-1_c0a53c81-06c0-437b-8b06-494a164cda37.jpg","mobile_image":"shopify:\/\/shop_images\/web-mobile-2_145ec586-3df0-4bd5-9ac8-55e44326d9f1.jpg","show_overlay":true,"overlay_opacity":0,"text_color":"#ffffff","title":"","content":"","content_position":"middle_center","button_background":"#08a56d","button_text_color":"#ffffff","button_text":"","link":"shopify:\/\/collections\/dia-de-la-madre-2023"}},"4d1e29f0-b929-4a6f-8b0e-2cd1259a4bc4":{"type":"image","settings":{"image":"shopify:\/\/shop_images\/portada-mayo.jpg","show_overlay":false,"overlay_opacity":30,"text_color":"#ffffff","title":"","content":"","content_position":"middle_center","button_background":"#ffffff","button_text_color":"#000000","button_text":"","link":"shopify:\/\/collections\/dia-de-la-madre-2023"}}},"block_order":["slide-1","c1f6e51f-9cd0-4d62-b475-cc784536b1af","4d1e29f0-b929-4a6f-8b0e-2cd1259a4bc4"],"custom_css":[],"settings":{"edge_to_edge":false,"section_size":"preserve_ratio","carousel_effect":"slide","autoplay":true,"cycle_speed":5}},"collection-list":{"type":"collection-list","blocks":{"collection-1":{"type":"collection","settings":{"collection":"cocina","link":"shopify:\/\/collections\/cocina"}},"collection-2":{"type":"collection","settings":{"collection":"cuidado-personal","link":"shopify:\/\/collections\/cuidado-personal"}},"collection-3":{"type":"collection","settings":{"collection":"hogar","link":"shopify:\/\/collections\/hogar"}},"collection-4":{"type":"collection","settings":{"collection":"herramientas","link":"shopify:\/\/collections\/herramientas"}},"collection-5":{"type":"collection","settings":{"collection":"iluminacion-y-seguridad","link":"shopify:\/\/collections\/iluminacion-y-seguridad"}},"7a5f42fb-b048-4062-986e-a6d16a8ade10":{"type":"collection","settings":{"collection":"bolsos-y-mochilas","link":"shopify:\/\/collections\/bolsos-y-mochilas"}}},"block_order":["collection-1","collection-2","collection-3","collection-4","collection-5","7a5f42fb-b048-4062-986e-a6d16a8ade10"],"settings":{"title":"Comprar por Categoría","link_title":"Ver Todas","link":"shopify:\/\/collections","round_images":true,"show_collection_title":true}},"8620526d-b603-4c52-9d39-cd6eb0fe1f95":{"type":"featured-collection","settings":{"collection":"click-16-5","title":"Recién llegados","products_count":12,"layout":"vertical","stack_products":false,"show_quick_buy":false,"link_title":"Ver todo","link_url":"shopify:\/\/collections\/click-16-5"}},"b96e5472-dfb1-4063-b346-906a8192bb73":{"type":"custom-liquid","custom_css":[".globo_widget_10697 {background-color: white;}"],"settings":{"title":"Lo más vendido","include_margins":true,"liquid":"<div class=\"globo_widget_10697\"><\/div>"}},"216edae0-ec2d-430d-adfa-e5e5bbef024b":{"type":"collection-list","blocks":{"template--18963081068858__216edae0-ec2d-430d-adfa-e5e5bbef024b-1684503659a47d13b5-0":{"type":"collection","settings":{"collection":"wilma","link":"shopify:\/\/collections\/wilma"}},"template--18963081068858__216edae0-ec2d-430d-adfa-e5e5bbef024b-1684503659a47d13b5-1":{"type":"collection","settings":{"collection":"leisel","link":"shopify:\/\/collections\/leisel"}},"template--18963081068858__216edae0-ec2d-430d-adfa-e5e5bbef024b-1684503659a47d13b5-2":{"type":"collection","settings":{"collection":"ecoco","link":"shopify:\/\/collections\/ecoco"}},"template--18963081068858__216edae0-ec2d-430d-adfa-e5e5bbef024b-1684503659a47d13b5-3":{"type":"collection","settings":{"collection":"blumin","link":"shopify:\/\/collections\/blumin"}},"template--18963081068858__216edae0-ec2d-430d-adfa-e5e5bbef024b-1684503659a47d13b5-4":{"type":"collection","settings":{"collection":"woowax","link":"shopify:\/\/products\/woowax"}},"template--18963081068858__216edae0-ec2d-430d-adfa-e5e5bbef024b-1684503659a47d13b5-5":{"type":"collection","settings":{"collection":"twice","link":"shopify:\/\/collections\/twice"}}},"block_order":["template--18963081068858__216edae0-ec2d-430d-adfa-e5e5bbef024b-1684503659a47d13b5-0","template--18963081068858__216edae0-ec2d-430d-adfa-e5e5bbef024b-1684503659a47d13b5-1","template--18963081068858__216edae0-ec2d-430d-adfa-e5e5bbef024b-1684503659a47d13b5-2","template--18963081068858__216edae0-ec2d-430d-adfa-e5e5bbef024b-1684503659a47d13b5-3","template--18963081068858__216edae0-ec2d-430d-adfa-e5e5bbef024b-1684503659a47d13b5-4","template--18963081068858__216edae0-ec2d-430d-adfa-e5e5bbef024b-1684503659a47d13b5-5"],"settings":{"title":"Nuestras Marcas","link_title":"","link":"shopify:\/\/collections","round_images":true,"show_collection_title":true}},"featured-collection":{"type":"featured-collection","settings":{"collection":"dia-de-la-madre-2023","title":"Descubre nuestra colección de Mayo","products_count":12,"layout":"vertical","stack_products":false,"show_quick_buy":false,"link_title":"Ver todo","link_url":"shopify:\/\/collections\/dia-de-la-madre-2023"}},"75fd1b9e-c9c0-4580-9708-4375516337b7":{"type":"featured-collection","settings":{"collection":"ecoco","title":"Nuevos Productos Ecoco","products_count":12,"layout":"vertical","stack_products":false,"show_quick_buy":false,"link_title":"Ver todo","link_url":"shopify:\/\/collections\/ecoco"}},"16830662488fb34808":{"type":"apps","settings":{"include_margins":true}},"1683140800fcb677b8":{"type":"apps","settings":{"include_margins":true}},"gk-rec-262":{"type":"apps","settings":{"include_margins":true}},"bea601c3-20bb-4688-990f-1f1fa350d679":{"type":"promotion-list","blocks":{"template--18963081068858__bea601c3-20bb-4688-990f-1f1fa350d679-16838330983f356563-0":{"type":"item","settings":{"image":"shopify:\/\/shop_images\/imagen_acf50361-ec90-4f64-ab7a-4975806e1593.jpg","show_overlay":true,"overlay_opacity":62,"stretch_image":true,"background":"#000000","text_color":"#ffffff","title":"Envíos Express en Montevideo","content":"<p>Si realizas tu pedido antes de las 15:30 horas puedes elegir la opción de Moova en 24 hs o PedidosYa en 2hs.<\/p>","content_position":"middle_left","button_background":"#ffffff","button_text_color":"#6f42ef","button_text":"","button_link":""}},"template--18963081068858__bea601c3-20bb-4688-990f-1f1fa350d679-16838330983f356563-1":{"type":"item","settings":{"image":"shopify:\/\/shop_images\/mercadopago_milgenial.jpg","show_overlay":true,"overlay_opacity":60,"stretch_image":true,"background":"#fc2a68","text_color":"#ffffff","title":"12 cuotas Sin Recargo","content":"<p>Realiza tus compras desde la comodidad de tu casa pagando a través de MercadoPago con hasta 12 cuotas sin recargo.<\/p>","content_position":"middle_left","button_background":"#ffffff","button_text_color":"#fc2a68","button_text":"","button_link":""}},"template--18963081068858__bea601c3-20bb-4688-990f-1f1fa350d679-16838330983f356563-2":{"type":"item","disabled":true,"settings":{"show_overlay":false,"overlay_opacity":50,"stretch_image":false,"background":"#26c1ce","text_color":"#ffffff","title":"Your heading","content":"<p>Tell more about your product, collection...<\/p>","content_position":"top_left","button_background":"#ffffff","button_text_color":"#26c1ce","button_text":"Learn more","button_link":""}}},"block_order":["template--18963081068858__bea601c3-20bb-4688-990f-1f1fa350d679-16838330983f356563-0","template--18963081068858__bea601c3-20bb-4688-990f-1f1fa350d679-16838330983f356563-1","template--18963081068858__bea601c3-20bb-4688-990f-1f1fa350d679-16838330983f356563-2"],"settings":{"expand_items":false,"section_size":"medium","stack_mobile":false}}},"order":["slideshow","collection-list","8620526d-b603-4c52-9d39-cd6eb0fe1f95","b96e5472-dfb1-4063-b346-906a8192bb73","216edae0-ec2d-430d-adfa-e5e5bbef024b","featured-collection","75fd1b9e-c9c0-4580-9708-4375516337b7","16830662488fb34808","1683140800fcb677b8","gk-rec-262","bea601c3-20bb-4688-990f-1f1fa350d679"]}