{"sections":{"e29b2ce2-593e-475c-8b3d-9f9ff6a4f4f0":{"type":"collection-list","blocks":{"template--18963081167162__e29b2ce2-593e-475c-8b3d-9f9ff6a4f4f0-168450320026f21b1b-0":{"type":"collection","settings":{"collection":"wilma","link":"shopify:\/\/collections\/wilma"}},"template--18963081167162__e29b2ce2-593e-475c-8b3d-9f9ff6a4f4f0-168450320026f21b1b-1":{"type":"collection","settings":{"collection":"leisel","link":"shopify:\/\/collections\/leisel"}},"template--18963081167162__e29b2ce2-593e-475c-8b3d-9f9ff6a4f4f0-168450320026f21b1b-2":{"type":"collection","settings":{"collection":"ecoco","link":"shopify:\/\/collections\/ecoco"}},"template--18963081167162__e29b2ce2-593e-475c-8b3d-9f9ff6a4f4f0-168450320026f21b1b-3":{"type":"collection","settings":{"collection":"blumin","link":"shopify:\/\/collections\/blumin"}},"template--18963081167162__e29b2ce2-593e-475c-8b3d-9f9ff6a4f4f0-168450320026f21b1b-4":{"type":"collection","settings":{"collection":"woowax","link":"shopify:\/\/products\/woowax"}},"template--18963081167162__e29b2ce2-593e-475c-8b3d-9f9ff6a4f4f0-168450320026f21b1b-5":{"type":"collection","settings":{"collection":"twice","link":"shopify:\/\/collections\/twice"}}},"block_order":["template--18963081167162__e29b2ce2-593e-475c-8b3d-9f9ff6a4f4f0-168450320026f21b1b-0","template--18963081167162__e29b2ce2-593e-475c-8b3d-9f9ff6a4f4f0-168450320026f21b1b-1","template--18963081167162__e29b2ce2-593e-475c-8b3d-9f9ff6a4f4f0-168450320026f21b1b-2","template--18963081167162__e29b2ce2-593e-475c-8b3d-9f9ff6a4f4f0-168450320026f21b1b-3","template--18963081167162__e29b2ce2-593e-475c-8b3d-9f9ff6a4f4f0-168450320026f21b1b-4","template--18963081167162__e29b2ce2-593e-475c-8b3d-9f9ff6a4f4f0-168450320026f21b1b-5"],"settings":{"title":"Nuestras Marcas","link_title":"","link":"","round_images":false,"show_collection_title":true}},"main":{"type":"main-collections-list","blocks":{"ad7f26bb-0aec-4ec6-8f78-8a34613182a7":{"type":"collection","settings":{"collection":"hogar"}},"2b02bd3d-1a87-45b9-b727-c24310477317":{"type":"collection","settings":{"collection":"cocina"}},"cd2f3c25-09e5-4c33-b889-c26e20762691":{"type":"collection","settings":{"collection":"cuidado-personal"}},"e1bbd7c2-4c41-477a-9548-6d39e09cfc42":{"type":"collection","settings":{"collection":"herramientas"}},"ccb6a716-f98b-448c-a69f-b2764e9a7c4d":{"type":"collection","settings":{"collection":"iluminacion-y-seguridad"}},"1c518cde-e2a2-4fca-b761-2f8e7d3d1568":{"type":"collection","settings":{"collection":"juguetes"}},"55cd5605-8ebf-48f7-beaa-625e3e96f0f9":{"type":"collection","settings":{"collection":"mascotas"}},"eb1ad9d8-d294-4b3a-a95c-a427a093aaba":{"type":"collection","settings":{"collection":"bolsos-y-mochilas"}},"5fa5b5ff-4481-4ab7-b39d-fae92a5e3310":{"type":"collection","settings":{"collection":"outlet"}},"be772121-8b93-4d0d-89aa-bfe49ed6e77b":{"type":"collection","settings":{"collection":"entrenamiento"}},"9344f5ce-edca-4967-b56c-bf5275e0bd67":{"type":"collection","settings":{"collection":"joyas-plata-925"}},"688440a4-8433-449c-9004-4152e9a6360f":{"type":"collection","settings":{"collection":"tecnologia"}}},"block_order":["ad7f26bb-0aec-4ec6-8f78-8a34613182a7","2b02bd3d-1a87-45b9-b727-c24310477317","cd2f3c25-09e5-4c33-b889-c26e20762691","e1bbd7c2-4c41-477a-9548-6d39e09cfc42","ccb6a716-f98b-448c-a69f-b2764e9a7c4d","1c518cde-e2a2-4fca-b761-2f8e7d3d1568","55cd5605-8ebf-48f7-beaa-625e3e96f0f9","eb1ad9d8-d294-4b3a-a95c-a427a093aaba","5fa5b5ff-4481-4ab7-b39d-fae92a5e3310","be772121-8b93-4d0d-89aa-bfe49ed6e77b","9344f5ce-edca-4967-b56c-bf5275e0bd67","688440a4-8433-449c-9004-4152e9a6360f"],"settings":{"collections_to_show":"selected","collection_linklist":"","show_collection_title":true,"show_collection_overlay":true,"collection_overlay_opacity":40}}},"order":["e29b2ce2-593e-475c-8b3d-9f9ff6a4f4f0","main"]}