{"sections":{"main":{"type":"main-product","blocks":{"product_meta":{"type":"product_meta","settings":{"show_vendor":false,"show_sku":false,"show_reviews_badge":false,"show_share_buttons":false}},"variant_selector":{"type":"variant_selector","settings":{"selector_mode":"block","color_mode":"block","show_quantity_selector":true,"show_taxes_included":false,"show_inventory_quantity":false,"low_inventory_threshold":0}},"buy_buttons":{"type":"buy_buttons","settings":{"show_payment_button":false,"show_gift_card_recipient":false}},"description":{"type":"description","settings":{"display_mode":"show_all"}}},"block_order":["product_meta","variant_selector","buy_buttons","description"],"custom_css":[".product-form__payment-container > * {width: 100%;}",".loox-rating {margin-bottom: 15px;}",".product-form__add-button {font-size: 20px;}","#parcelator {margin-top: 10px;}",".card__header {padding-top: 0px !important;}"],"settings":{"image_size":"small","enable_video_looping":true,"enable_image_zoom":false,"zoom_effect":"outside","carousel_effect":"fade"}},"loox-product-reviews-app-section":{"type":"apps","blocks":{"11951a2f-8ded-4dcc-b917-969fa4f0cb67":{"type":"shopify:\/\/apps\/glo-related-products-upsell\/blocks\/app-block-product\/75cf2d86-3988-45e7-8f28-ada23c99704f","settings":{"widget":"0","gashortcode":"<div class=\"productBoughtTogether\"><\/div>"}},"50ef620b-3e71-4e08-aa38-c27c5bbeb42f":{"type":"shopify:\/\/apps\/glo-related-products-upsell\/blocks\/app-block-product\/75cf2d86-3988-45e7-8f28-ada23c99704f","settings":{"widget":"1","gashortcode":"<div class=\"globoRelatedProductsCustom\"><\/div>"}}},"block_order":["11951a2f-8ded-4dcc-b917-969fa4f0cb67","50ef620b-3e71-4e08-aa38-c27c5bbeb42f"],"settings":{"include_margins":false}},"product-recommendations":{"type":"product-recommendations","disabled":true,"settings":{"heading":"También Te puede Interesar","show_quick_buy":true}},"recently-viewed-products":{"type":"recently-viewed-products","settings":{"title":"Visto Recientemente","show_quick_buy":true}},"168306481695c23f5b":{"type":"apps","blocks":{"93d5acef-7670-4815-9970-452ef69bd0a4":{"type":"shopify:\/\/apps\/loox-product-reviews-photos\/blocks\/loox-dynamic-section\/5c3b337f-fd14-4df5-b1d6-80ec13e6e28e","settings":{"only_photos":false,"aggregated":false,"limit":20,"hide_thumbnails":false,"maxwidth":1080}}},"block_order":["93d5acef-7670-4815-9970-452ef69bd0a4"],"settings":{"include_margins":true}}},"order":["main","loox-product-reviews-app-section","product-recommendations","recently-viewed-products","168306481695c23f5b"]}