{"current":{"heading_color":"#000000","text_color":"#677279","accent_color":"#000000","link_color":"#08a56d","border_color":"#e1e3e4","background":"#f3f5f6","secondary_background":"#ffffff","error_color":"#ee0000","success_color":"#08a56d","primary_button_background":"#08a56d","primary_button_text_color":"#ffffff","secondary_button_background":"#000000","secondary_button_text_color":"#ffffff","header_background":"#343434","header_text_color":"#ffffff","header_light_text_color":"#a3afef","header_accent_color":"#08a56d","footer_background_color":"#252525","footer_heading_text_color":"#f3f5f6","footer_body_text_color":"#ffffff","footer_accent_color":"#08a56d","product_on_sale_accent":"#000000","product_in_stock_color":"#08a56d","product_low_stock_color":"#ee0000","product_sold_out_color":"#8a9297","product_label_1_background":"#08a56d","product_label_2_background":"#08a56d","product_star_color":"#ffbd00","base_text_font_size":18,"heading_font":"din_next_n5","text_font":"din_next_n4","underline_links":true,"currency_code_enabled":false,"animation_image_zoom":false,"show_vendor":false,"show_secondary_image":false,"show_reviews_badge":false,"show_discount":true,"discount_mode":"percentage","product_price_position":"after_title","product_image_size":"square","show_color_swatch":false,"show_inventory_quantity":true,"low_inventory_threshold":22,"cart_type":"drawer","cart_empty_button_link":"shopify:\/\/collections\/all","cart_show_checkout_button":false,"cart_show_free_shipping_threshold":false,"cart_free_shipping_threshold":"50","social_facebook":"https:\/\/www.facebook.com\/Milgenial.uy","social_twitter":"","social_pinterest":"","social_instagram":"https:\/\/instagram.com\/milgenial.uy","social_vimeo":"","social_tumblr":"","social_youtube":"https:\/\/www.youtube.com\/@milgenialuruguay2668","social_tiktok":"https:\/\/www.tiktok.com\/@milgenialuy","social_linkedin":"","social_snapchat":"","social_fancy":"","favicon":"shopify:\/\/shop_images\/check-mark.png","checkout_header_image":"","checkout_logo_image":"shopify:\/\/shop_images\/png-milgenial-web_fbe893f2-4729-453e-b234-ce496b48fe0f.png","checkout_logo_position":"center","checkout_logo_size":"medium","checkout_body_background_image":"","checkout_body_background_color":"#fff","checkout_input_background_color_mode":"white","checkout_sidebar_background_image":"","checkout_sidebar_background_color":"#fafafa","checkout_heading_font":"-apple-system, BlinkMacSystemFont, 'Segoe UI', Roboto, Helvetica, Arial, sans-serif, 'Apple Color Emoji', 'Segoe UI Emoji', 'Segoe UI Symbol'","checkout_body_font":"-apple-system, BlinkMacSystemFont, 'Segoe UI', Roboto, Helvetica, Arial, sans-serif, 'Apple Color Emoji', 'Segoe UI Emoji', 'Segoe UI Symbol'","checkout_accent_color":"#08a56d","checkout_button_color":"#08a56d","checkout_error_color":"#ff0000","search_mode":"product,article","share_image":"","content_for_index":[],"blocks":{"855628211100114053":{"type":"shopify:\/\/apps\/klaviyo-email-marketing-sms\/blocks\/klaviyo-onsite-embed\/2632fe16-c075-4321-a88b-50b567f42507","disabled":false,"settings":{}},"10570433277407501837":{"type":"shopify:\/\/apps\/simprosys-google-shopping-feed\/blocks\/gsf-gcr\/1f0b859e-9fa6-4007-97e8-4513aff5ff3b","disabled":false,"settings":{}},"6707720970142525307":{"type":"shopify:\/\/apps\/wowcart-slide-cart-drawer\/blocks\/app-embed\/4937864d-0d20-45b2-9969-e04d09531787","disabled":false,"settings":{}},"10112818894266855621":{"type":"shopify:\/\/apps\/ufe-cross-sell-upsell-bundle\/blocks\/app-embed\/588d2ac5-62f3-4ccd-8638-da98ec61fa90","disabled":false,"settings":{}},"7421546185640437913":{"type":"shopify:\/\/apps\/tixel-multi-pixels-installer\/blocks\/app-embed\/b273c4b8-95ba-409d-a87c-c46907e02629","disabled":false,"settings":{}},"8847685616676869210":{"type":"shopify:\/\/apps\/webrex-announcement-bar-banner\/blocks\/app-embed\/3494d573-4520-4d27-b2eb-ba0554423f65","disabled":false,"settings":{}},"3141728750423887031":{"type":"shopify:\/\/apps\/conversios-google-analytics-4\/blocks\/app-embed-body\/a5ed6aee-249e-497f-93bc-8eb285acecca","disabled":false,"settings":{}},"5004459476573512578":{"type":"shopify:\/\/apps\/conversios-google-analytics-4\/blocks\/app-embed\/a5ed6aee-249e-497f-93bc-8eb285acecca","disabled":false,"settings":{}},"10191866119664032810":{"type":"shopify:\/\/apps\/1-click-sticky-add-to-cart-bar\/blocks\/zoorix-head\/16cf6adc-8b22-4e73-be2b-b93c1acde1da","disabled":false,"settings":{"home_product":"","show_on_out_of_stock":true,"blacklisted_products":[],"blacklisted_collections":[]}},"2269446586201533319":{"type":"shopify:\/\/apps\/scala-parcelamentos\/blocks\/cartCSS\/def817a5-48c7-43b3-b8b9-553076d860c7","disabled":true,"settings":{"cart_text_color":"#000000","textalign":"default","bold":"default","cart_font_size":1,"cart_paddingTop":0,"cart_paddingBottom":0,"cart_inline":0,"hide":false}},"1032642980616206197":{"type":"shopify:\/\/apps\/scala-parcelamentos\/blocks\/tabelaEmbed\/def817a5-48c7-43b3-b8b9-553076d860c7","disabled":true,"settings":{"tabelaMsg":"<p>Mas metodos de pago<\/p>","chosenStyle":"minimal","columnStyle":"3","text_color":"#000000","p_font_size":1,"payment_types":"default","boleto":true,"boletoDiscount":0,"pix":true,"pixDiscount":0,"nParcelas":12,"minInstallmentPrice":1,"reverse":false,"juros":"semJuros","customJuros2":"6.76","customJuros3":"8.44","customJuros4":"10.23","customJuros5":"11.93","customJuros6":"13.58","customJuros7":"15.01","customJuros8":"16.90","customJuros9":"18.86","customJuros10":"20.07","customJuros11":"21.92","customJuros12":"23.75"}},"3904256608562662569":{"type":"shopify:\/\/apps\/scala-parcelamentos\/blocks\/parcelaEmbed2\/def817a5-48c7-43b3-b8b9-553076d860c7","disabled":true,"settings":{"nParcelas":12,"minInstallmentPrice":1,"discount":"0","juros":"semJuros","customJurosNew":"2.99","msg":"<p>o ((CUOTAS))X de ((CUOTA)) sin interes<\/p>","icon":"none","text_color":"#000000","visibility":"pcc"}},"9599999662911440512":{"type":"shopify:\/\/apps\/scala-parcelamentos\/blocks\/globalCSS\/def817a5-48c7-43b3-b8b9-553076d860c7","disabled":true,"settings":{"text_color":"#000000","bold":"default","p_font_size":1,"absolutesize":true,"p_paddingTop":0,"p_paddingBottom":0}},"1967409316334009102":{"type":"shopify:\/\/apps\/scala-parcelamentos\/blocks\/productsCSS\/def817a5-48c7-43b3-b8b9-553076d860c7","disabled":true,"settings":{"text_color":"#000000","textalign":"left","bold":"default","p_font_size":1,"absolutesize":true,"p_paddingTopNew":0,"p_paddingBottom":0,"hide_list":[],"hide_all":false}},"1239982722102876444":{"type":"shopify:\/\/apps\/scala-parcelamentos\/blocks\/collectionCSS\/def817a5-48c7-43b3-b8b9-553076d860c7","disabled":false,"settings":{"text_color":"#000000","textalign":"default","bold":"default","font_size":1,"paddingTop":0,"paddingBottom":0,"hide":true}},"10059099789788467215":{"type":"shopify:\/\/apps\/scala-parcelamentos\/blocks\/parcelaEmbed\/def817a5-48c7-43b3-b8b9-553076d860c7","disabled":false,"settings":{"nParcelas":12,"minInstallmentPrice":1,"minPrice":1,"maxPrice":100000000,"juros":"semJuros","customJurosNew":"1","msg":"<p>Hasta ((CUOTAS)) cuotas de ((CUOTA)) <\/p>","icon":"cartao","text_color":"#000000"}},"9144908965052497053":{"type":"shopify:\/\/apps\/glo-related-products-upsell\/blocks\/app-embed\/75cf2d86-3988-45e7-8f28-ada23c99704f","disabled":false,"settings":{}}}},"presets":{"Metal":{"heading_color":"#1e2d7d","text_color":"#677279","accent_color":"#00badb","link_color":"#00badb","border_color":"#e1e3e4","background":"#f3f5f6","secondary_background":"#ffffff","error_color":"#ff0000","success_color":"#00aa00","primary_button_background":"#00badb","primary_button_text_color":"#ffffff","secondary_button_background":"#1e2d7d","secondary_button_text_color":"#ffffff","header_background":"#1e2d7d","header_text_color":"#ffffff","header_light_text_color":"#a3afef","header_accent_color":"#00badb","product_on_sale_accent":"#ee0000","product_in_stock_color":"#008a00","product_low_stock_color":"#ee0000","product_sold_out_color":"#8a9297","product_label_1_background":"#008a00","product_label_2_background":"#00a500","product_star_color":"#ffbd00","footer_background_color":"#f3f5f6","footer_heading_text_color":"#1e2d7d","footer_body_text_color":"#677279","footer_accent_color":"#00badb","base_text_font_size":16,"heading_font":"din_next_n5","text_font":"din_next_n4","underline_links":true,"animation_image_zoom":true,"search_mode":"product,article","show_vendor":true,"show_secondary_image":true,"product_price_position":"after_title","product_image_size":"natural","show_discount":true,"discount_mode":"saving","show_color_swatch":false,"show_inventory_quantity":false,"low_inventory_threshold":0,"show_reviews_badge":false,"cart_type":"drawer","cart_empty_button_link":"shopify:\/\/collections\/all","cart_show_checkout_button":true,"cart_show_free_shipping_threshold":false,"cart_free_shipping_threshold":"50","share_image":"","social_facebook":"","social_twitter":"","social_pinterest":"","social_instagram":"","social_vimeo":"","social_tumblr":"","social_youtube":"","social_linkedin":"","social_snapchat":"","social_fancy":"","favicon":"","checkout_header_image":"","checkout_logo_image":"","checkout_logo_position":"left","checkout_logo_size":"medium","checkout_body_background_image":"","checkout_body_background_color":"#fff","checkout_input_background_color_mode":"white","checkout_sidebar_background_image":"","checkout_sidebar_background_color":"#fafafa","checkout_heading_font":"-apple-system, BlinkMacSystemFont, 'Segoe UI', Roboto, Helvetica, Arial, sans-serif, 'Apple Color Emoji', 'Segoe UI Emoji', 'Segoe UI Symbol'","checkout_body_font":"-apple-system, BlinkMacSystemFont, 'Segoe UI', Roboto, Helvetica, Arial, sans-serif, 'Apple Color Emoji', 'Segoe UI Emoji', 'Segoe UI Symbol'","checkout_accent_color":"#00badb","checkout_button_color":"#00badb","checkout_error_color":"#ff0000"},"Wood":{"heading_color":"#3a2a2f","text_color":"#3a2a2f","accent_color":"#ff6128","link_color":"#ff6128","border_color":"#e7e2de","background":"#f7f4f2","secondary_background":"#ffffff","error_color":"#f71b1b","success_color":"#48b448","primary_button_background":"#ff6128","primary_button_text_color":"#ffffff","secondary_button_background":"#3a2a2f","secondary_button_text_color":"#ffffff","header_background":"#3a2a2f","header_text_color":"#ffffff","header_light_text_color":"#e9e2dd","header_accent_color":"#ff6128","product_on_sale_accent":"#ee0000","product_in_stock_color":"#008a00","product_low_stock_color":"#ee0000","product_sold_out_color":"#d1d1d4","product_label_1_background":"#ff6128","product_label_2_background":"#a95ebe","product_star_color":"#ffb647","footer_background_color":"#f7f4f2","footer_heading_text_color":"#3a2a2f","footer_body_text_color":"#3a2a2f","footer_accent_color":"#ff6128","base_text_font_size":15,"heading_font":"itc_avant_garde_gothic_n5","text_font":"basic_commercial_n4","underline_links":true,"animation_image_zoom":true,"search_mode":"product,article,page","show_vendor":true,"show_secondary_image":true,"show_discount":true,"discount_mode":"percentage","product_price_position":"after_title","product_image_size":"square","show_color_swatch":false,"show_inventory_quantity":true,"low_inventory_threshold":1,"show_reviews_badge":false,"cart_type":"drawer","cart_empty_button_link":"shopify:\/\/collections\/all","cart_show_checkout_button":true,"cart_show_free_shipping_threshold":true,"cart_free_shipping_threshold":"50","checkout_logo_position":"center","checkout_logo_size":"medium","checkout_body_background_image":"","checkout_body_background_color":"#fff","checkout_input_background_color_mode":"white","checkout_sidebar_background_image":"","checkout_sidebar_background_color":"#f7f4f2","checkout_heading_font":"-apple-system, BlinkMacSystemFont, 'Segoe UI', Roboto, Helvetica, Arial, sans-serif, 'Apple Color Emoji', 'Segoe UI Emoji', 'Segoe UI Symbol'","checkout_body_font":"-apple-system, BlinkMacSystemFont, 'Segoe UI', Roboto, Helvetica, Arial, sans-serif, 'Apple Color Emoji', 'Segoe UI Emoji', 'Segoe UI Symbol'","checkout_accent_color":"#ff6128","checkout_button_color":"#ff6128","checkout_error_color":"#f71b1b"},"Fabric":{"heading_color":"#222021","text_color":"#616161","accent_color":"#cb1836","link_color":"#cb1836","border_color":"#e8e8e8","background":"#f5f5f5","secondary_background":"#ffffff","error_color":"#cf0e0e","success_color":"#1c7b36","primary_button_background":"#cb1836","primary_button_text_color":"#ffffff","secondary_button_background":"#222021","secondary_button_text_color":"#ffffff","header_background":"#222021","header_text_color":"#ffffff","header_light_text_color":"#e8e8e8","header_accent_color":"#cb1836","footer_background_color":"#222021","footer_heading_text_color":"#ffffff","footer_body_text_color":"#ffffff","footer_accent_color":"#cb1836","product_on_sale_accent":"#cf0e0e","product_in_stock_color":"#1c7b36","product_low_stock_color":"#cf0e0e","product_sold_out_color":"#8a9297","product_label_1_background":"#3f6ab1","product_label_2_background":"#8a44ae","product_star_color":"#ffbd00","base_text_font_size":16,"heading_font":"avenir_next_n7","text_font":"avenir_next_n5","underline_links":true,"animation_image_zoom":true,"search_mode":"product,article","show_vendor":true,"show_secondary_image":true,"show_discount":true,"discount_mode":"percentage","product_price_position":"before_title","product_image_size":"square","show_color_swatch":true,"show_inventory_quantity":true,"low_inventory_threshold":2,"show_reviews_badge":true,"cart_type":"drawer","cart_empty_button_link":"shopify:\/\/collections\/all","cart_show_checkout_button":true,"cart_show_free_shipping_threshold":true,"cart_free_shipping_threshold":"49","social_facebook":"","social_twitter":"","social_pinterest":"","social_instagram":"","social_vimeo":"","social_tumblr":"","social_youtube":"","social_linkedin":"","social_snapchat":"","social_fancy":"","favicon":"","checkout_header_image":"","checkout_logo_image":"","checkout_logo_position":"left","checkout_logo_size":"medium","checkout_body_background_image":"","checkout_body_background_color":"#fff","checkout_input_background_color_mode":"white","checkout_sidebar_background_image":"","checkout_sidebar_background_color":"#f5f5f5","checkout_heading_font":"-apple-system, BlinkMacSystemFont, 'Segoe UI', Roboto, Helvetica, Arial, sans-serif, 'Apple Color Emoji', 'Segoe UI Emoji', 'Segoe UI Symbol'","checkout_body_font":"-apple-system, BlinkMacSystemFont, 'Segoe UI', Roboto, Helvetica, Arial, sans-serif, 'Apple Color Emoji', 'Segoe UI Emoji', 'Segoe UI Symbol'","checkout_accent_color":"#cb1836","checkout_button_color":"#cb1836","checkout_error_color":"#ff0000"}},"platform_customizations":{"custom_css":[".product-label--on-sale {background: #08a56d;}",".button--primary {text-transform: uppercase; font-size: 14px;}","li.mobile-menu__nav-item {font-weight: bold;}",".product-label {background: #ee0000 !important;}"]}}