{"type":"footer","name":"Footer group","sections":{"text-with-icons":{"type":"text-with-icons","blocks":{"item-1":{"type":"item","settings":{"icon":"bi-delivery","title":"Envíos a Todo Uruguay","content":"<p>24 horas en Montevideo - 48\/72 horas interior<\/p>"}},"item-2":{"type":"item","settings":{"icon":"bi-returns","title":"Compra con tranqulidad","content":"<p>¿No te gusta? ¡Devuélvelo! En Milgenial siempre estás protegido.<\/p>"}},"item-3":{"type":"item","settings":{"icon":"bi-customer-support","title":"Soporte rápido y eficáz","content":"<p>Solemos responder en menos de 24 horas hábiles<\/p>"}},"item-4":{"type":"item","disabled":true,"settings":{"icon":"bi-secure-payment","title":"Compra Segura","content":"<p>La tranquilidad de una compra segura<\/p>"}}},"block_order":["item-1","item-2","item-3","item-4"],"settings":{"stack_mobile":false}},"footer":{"type":"footer","blocks":{"942170ce-7a4d-40f4-a5b7-d787105a1803":{"type":"text","settings":{"title":"Atención al Cliente","content":"<p><strong>Horario del Pickup Center y atención vía WhatsApp o Email:<br\/><\/strong>Lunes a Viernes: 9:30 a 18:00 hs.<br\/>Sábado: 9:30 a 13:00 hs.<\/p><p><strong>Dirección: Marco Bruto 1375 , Pocitos, Montevideo.<br\/>Ecomdelsur SRL<br\/>Rut: 170355510011<\/strong><\/p>"}},"footer-1":{"type":"links","settings":{"menu":"footer"}},"footer-2":{"type":"newsletter","settings":{"title":"Newsletter","subheading":"<p>Suscribite para obtener las mejores ofertas y noticias primero que nadie<\/p>"}}},"block_order":["942170ce-7a4d-40f4-a5b7-d787105a1803","footer-1","footer-2"],"settings":{"show_social_media":true,"enable_follow_on_shop":true,"show_payment_icons":true,"show_locale_selector":false,"show_country_selector":false}}},"order":["text-with-icons","footer"]}