{"type":"header","name":"Header group","sections":{"announcement-bar":{"type":"announcement-bar","settings":{"background":"#08a56d","text_color":"#ffffff","text":"100% de devolución Garantizada 🚀 Envío 24-72 hs","text_position":"center","link":"","show_newsletter":false,"newsletter_button":"Subscribe & Save","newsletter_title":"Newsletter","newsletter_content":"<p>A short sentence describing what someone will receive by subscribing<\/p>"}},"header":{"type":"header","settings":{"enable_sticky_header":false,"logo":"shopify:\/\/shop_images\/logo_blanco.png","logo_max_width":170,"mobile_logo_max_width":140,"show_locale_selector":false,"show_country_selector":false,"navigation_menu":"main-menu","navigation_mobile_menu":"","desktop_navigation_layout":"inline","desktop_navigation_open_trigger":"hover","show_navigation_social_media":true,"navigation_phone_number":"098703704","navigation_email":"contacto@milgenial.uy","show_condensed_search":false,"show_search_filter":true,"search_menu":"","show_search_menu_title":true}}},"order":["announcement-bar","header"]}